Summarize the Expert Ranking,,,,,,,,,,,,,,,,,,
,,,,,,,,,,,,,,,,,,
T.Img-500,,M1,,,,,,M2,,,,,,,M3,,,
"Min: 150, Max: 200", ,Not  ,Slightly ,Moderately,Relevent,Extremely Relevent,,Not,Slightly ,Moderately,Relevent,Extremely Relevent,,Not,Slightly ,Moderately,Relevent,Extremely Relevant
1-200,User1,20,67,104,9,0,,55,61,78,4,0,,0,0,4,129,67
,User2,15,52,124,9,0,,76,72,50,2,0,,0,0,5,106,89
,User3,14,43,137,5,1,,76,63,55,6,0,,0,0,4,44,152
1-200,User1,,,,,,,,,,,,,,,,,
,User2,,,,,,,,,,,,,,,,,
,User10,20,47,125,8,0,,55,55,80,10,0,,0,0,6,49,145
201-350,User4,10,40,86,14,0,,62,30,54,4,0,,0,0,6,64,80
,User5,10,42,86,12,0,,60,34,56,0,0,,0,0,2,48,100
,User6,10,33,99,8,0,,80,54,162,4,0,0,0,0,9,26,115
351-500,User7,136,13,1,0,0,,18,40,90,2,0,,21,7,2,17,103
,User8,136,12,1,1,0,,18,45,86,1,0,10,21,7,2,21,99
,User9,129,19,1,1,0,,17,29,102,2,0,,22,6,2,4,116
,,,,,,,,,,,,,,,,,,
,,,,,,,,,,,,,,,,,,
,,500,368,764,67,1,,517,483,813,35,0,,64,20,42,508,1066
,,,,,,,,,,,,,,,,,,
,,,,,,,,,,,,,,,,,,
